Country,Time,Inflation,Unemployment adjusted,Trade union density,Globalization rating,Inflation lagged
Austria,1999 Q1,0.46694839,4.233333,36.1,86.27541,1.054769759
Austria,1999 Q2,0.365408224,4.2,36.1,86.27541,1.02436045
Austria,1999 Q3,0.466393272,4.033333,36.1,86.27541,0.885695694
Austria,1999 Q4,0.976450292,4.1,36.1,86.27541,0.726160518
Austria,2000 Q1,1.57659866,4.233333,36.1,86.34223,0.46694839
Austria,2000 Q2,2.111580131,3.7,36.1,86.34223,0.365408224
Austria,2000 Q3,2.858180074,3.833333,36.1,86.34223,0.466393272
Austria,2000 Q4,2.828759721,3.766667,36.1,86.34223,0.976450292
Austria,2001 Q1,2.780692628,3.633333,35,86.95824,1.57659866
Austria,2001 Q2,3.082187451,4,35,86.95824,2.111580131
Austria,2001 Q3,2.609019276,4.1,35,86.95824,2.858180074
Austria,2001 Q4,2.136519822,4.3,35,86.95824,2.828759721
Austria,2002 Q1,1.96592395,4.5,34.4,87.2522,2.780692628
Austria,2002 Q2,1.785129225,4.233333,34.4,87.2522,3.082187451
Austria,2002 Q3,1.715773642,4.4,34.4,87.2522,2.609019276
Austria,2002 Q4,1.776480286,4.433333,34.4,87.2522,2.136519822
Austria,2003 Q1,1.76735969,4.533333,33.4,88.9356,1.96592395
Austria,2003 Q2,1.179858303,4.8,33.4,88.9356,1.785129225
Austria,2003 Q3,1.273078637,4.8,33.4,88.9356,1.715773642
Austria,2003 Q4,1.20597104,5.033333,33.4,88.9356,1.776480286
Austria,2004 Q1,1.357748942,6,32.3,91.45406,1.76735969
Austria,2004 Q2,1.985495555,5.8,32.3,91.45406,1.179858303
Austria,2004 Q3,2.16843904,5.766667,32.3,91.45406,1.273078637
Austria,2004 Q4,2.72812845,5.933333,32.3,91.45406,1.20597104
Austria,2005 Q1,2.90230508,5.8,31.1,90.58295,1.357748942
Austria,2005 Q2,2.485612957,6.1,31.1,90.58295,1.985495555
Austria,2005 Q3,2.216839866,6.066667,31.1,90.58295,2.16843904
Austria,2005 Q4,1.605575091,6.133333,31.1,90.58295,2.72812845
Austria,2006 Q1,1.138270512,6.066667,28.8,87.51615,2.90230508
Austria,2006 Q2,1.633880368,5.7,28.8,87.51615,2.485612957
Austria,2006 Q3,1.564069836,5.3,28.8,87.51615,2.216839866
Austria,2006 Q4,1.428572291,5.333333,28.8,87.51615,1.605575091
Austria,2007 Q1,1.655085724,5.233333,27.4,86.58496,1.138270512
Austria,2007 Q2,1.902885762,5.433333,27.4,86.58496,1.633880368
Austria,2007 Q3,1.93314736,5.266667,27.4,86.58496,1.564069836
Austria,2007 Q4,3.177205197,4.833333,27.4,86.58496,1.428572291
Austria,2008 Q1,3.321395236,4.533333,26.3,86.37227,1.655085724
Austria,2008 Q2,3.605924282,4.1,26.3,86.37227,1.902885762
Austria,2008 Q3,3.728701975,4.333333,26.3,86.37227,1.93314736
Austria,2008 Q4,2.222223761,4.7,26.3,86.37227,3.177205197
Austria,2009 Q1,1.103052039,5.133333,26.1,86.90289,3.321395236
Austria,2009 Q2,0.279673307,5.733333,26.1,86.90289,3.605924282
Austria,2009 Q3,0.031001915,6.133333,26.1,86.90289,3.728701975
Austria,2009 Q4,0.621115208,5.766667,26.1,86.90289,2.222223761
Austria,2010 Q1,1.402736847,5.4,25.1,86.74068,1.103052039
Austria,2010 Q2,1.952275751,5.366667,25.1,86.74068,0.279673307
Austria,2010 Q3,1.796765471,5.166667,25.1,86.74068,0.031001915
Austria,2010 Q4,2.098762745,4.866667,25.1,86.74068,0.621115208
Austria,2011 Q1,2.87339893,5.133333,24.7,87.49458,1.402736847
Austria,2011 Q2,3.31410276,4.8,24.7,87.49458,1.952275751
Austria,2011 Q3,3.539838673,4.333333,24.7,87.49458,1.796765471
Austria,2011 Q4,3.413985558,5.233333,24.7,87.49458,2.098762745
Austria,2012 Q1,2.585069928,4.866667,24.1,88.07508,2.87339893
Austria,2012 Q2,2.222937841,5.2,24.1,88.07508,3.31410276
Austria,2012 Q3,2.349531864,5.5,24.1,88.07508,3.539838673
Austria,2012 Q4,2.7848914,5.4,24.1,88.07508,3.413985558
Austria,2013 Q1,2.488043608,5.833333,23.7,87.29805,2.585069928
Austria,2013 Q2,2.143074389,5.433333,23.7,87.29805,2.222937841
Austria,2013 Q3,1.823899417,5.7,23.7,87.29805,2.349531864
Austria,2013 Q4,1.557149573,5.866667,23.7,87.29805,2.7848914
Austria,2014 Q1,1.587300931,6.1,23.2,88.13238,2.488043608
Austria,2014 Q2,1.758729707,5.866667,23.2,88.13238,2.143074389
Austria,2014 Q3,1.667697211,6.066667,23.2,88.13238,1.823899417
Austria,2014 Q4,1.410613486,6.1,23.2,88.13238,1.557149573
Austria,2015 Q1,0.852028281,6,23,87.34599,1.587300931
Austria,2015 Q2,1.020123235,6.266667,23,87.34599,1.758729707
Austria,2015 Q3,0.935398812,6.033333,23,87.34599,1.667697211
Austria,2015 Q4,0.778630252,6.3,23,87.34599,1.410613486
Austria,2016 Q1,0.97480395,6.433333,22.7,88.19978,0.852028281
Austria,2016 Q2,0.56457712,6.6,22.7,88.19978,1.020123235
Austria,2016 Q3,0.69925878,6.633333,22.7,88.19978,0.935398812
Austria,2016 Q4,1.328099164,6.2,22.7,88.19978,0.778630252
Austria,2017 Q1,2.030561798,6.166667,22.2,88.38869,0.97480395
Austria,2017 Q2,1.948478522,5.9,22.2,88.38869,0.56457712
Austria,2017 Q3,2.149484679,5.9,22.2,88.38869,0.69925878
Austria,2017 Q4,2.195234402,5.833333,22.2,88.38869,1.328099164
Austria,2018 Q1,1.794473468,5.433333,21.9,88.69642,2.030561798
Austria,2018 Q2,1.943699862,5,21.9,88.69642,1.948478522
Austria,2018 Q3,2.136597315,5.366667,21.9,88.69642,2.149484679
Austria,2018 Q4,2.116046865,5.1,21.9,88.69642,2.195234402
Austria,2019 Q1,1.730817866,5.066667,21.2,88.23715,1.794473468
Austria,2019 Q2,1.684124422,4.866667,21.2,88.23715,1.943699862
Austria,2019 Q3,1.394664595,4.766667,21.2,88.23715,2.136597315
Austria,2019 Q4,1.31869726,4.533333,21.2,88.23715,2.116046865
Belgium,1999 Q1,1.430183507,8.966666,56.6,82.71175,1.201976719
Belgium,1999 Q2,1.270733762,8.9,56.6,82.71175,2.251422686
Belgium,1999 Q3,1.119102205,8.133333,56.6,82.71175,1.724968023
Belgium,1999 Q4,1.439820076,7.7,56.6,82.71175,1.874320782
Belgium,2000 Q1,1.655175616,7.1,56.6,83.58389,1.430183507
Belgium,2000 Q2,1.746850636,6.8,56.6,83.58389,1.270733762
Belgium,2000 Q3,1.995542829,6.9,56.6,83.58389,1.119102205
Belgium,2000 Q4,1.903352713,6.633333,56.6,83.58389,1.439820076
Belgium,2001 Q1,1.742002618,6.066667,56.3,83.36546,1.655175616
Belgium,2001 Q2,2.199426792,6.5,56.3,83.36546,1.746850636
Belgium,2001 Q3,2.222943853,6.3,56.3,83.36546,1.995542829
Belgium,2001 Q4,2.442890713,7.4,56.3,83.36546,1.903352713
Belgium,2002 Q1,2.706533103,7.333333,55.3,85.96845,1.742002618
Belgium,2002 Q2,1.939344448,7.3,55.3,85.96845,2.199426792
Belgium,2002 Q3,1.811046676,7.5,55.3,85.96845,2.222943853
Belgium,2002 Q4,1.435306421,7.966667,55.3,85.96845,2.442890713
Belgium,2003 Q1,1.471893963,8.1,54.1,86.20208,2.706533103
Belgium,2003 Q2,1.661819713,8.1,54.1,86.20208,1.939344448
Belgium,2003 Q3,1.628352147,8.133333,54.1,86.20208,1.811046676
Belgium,2003 Q4,1.818197966,8.366667,54.1,86.20208,1.435306421
Belgium,2004 Q1,1.605317256,8.533334,54.1,87.84468,1.471893963
Belgium,2004 Q2,1.902159623,7.766667,54.1,87.84468,1.661819713
Belgium,2004 Q3,1.983955635,8.866667,54.1,87.84468,1.628352147
Belgium,2004 Q4,1.982476468,8.366667,54.1,87.84468,1.818197966
Belgium,2005 Q1,2.077601847,8.466666,53.7,87.89554,1.605317256
Belgium,2005 Q2,2.005176712,8.5,53.7,87.89554,1.902159623
Belgium,2005 Q3,2.267746696,8.5,53.7,87.89554,1.983955635
Belgium,2005 Q4,2.204038508,8.433333,53.7,87.89554,1.982476468
Belgium,2006 Q1,0.988336331,8.566667,54.5,87.59585,2.077601847
Belgium,2006 Q2,0.768989863,8.666667,54.5,87.59585,2.005176712
Belgium,2006 Q3,0.3804376,7.9,54.5,87.59585,2.267746696
Belgium,2006 Q4,0.296590494,7.933333,54.5,87.59585,2.204038508
Belgium,2007 Q1,1.513031754,7.833333,54.9,88.47828,0.988336331
Belgium,2007 Q2,1.655544242,8,54.9,88.47828,0.768989863
Belgium,2007 Q3,1.615507423,7.066667,54.9,88.47828,0.3804376
Belgium,2007 Q4,1.737080312,7.066667,54.9,88.47828,0.296590494
Belgium,2008 Q1,1.714047756,6.9,54.9,89.20053,1.513031754
Belgium,2008 Q2,1.725044579,6.633333,54.9,89.20053,1.655544242
Belgium,2008 Q3,2.092656499,7.5,54.9,89.20053,1.615507423
Belgium,2008 Q4,2.212623652,6.833333,54.9,89.20053,1.737080312
Belgium,2009 Q1,2.146761289,7.866667,54.8,89.01633,1.714047756
Belgium,2009 Q2,2.18445511,7.933333,54.8,89.01633,1.725044579
Belgium,2009 Q3,1.828853032,8,54.8,89.01633,2.092656499
Belgium,2009 Q4,1.605521483,8.166667,54.8,89.01633,2.212623652
Belgium,2010 Q1,1.420220458,8.633333,54.5,89.2813,2.146761289
Belgium,2010 Q2,1.29549692,8.5,54.5,89.2813,2.18445511
Belgium,2010 Q3,1.383446647,8.5,54.5,89.2813,1.828853032
Belgium,2010 Q4,1.494916949,7.933333,54.5,89.2813,1.605521483
Belgium,2011 Q1,1.831745337,7.1,55.5,89.67468,1.420220458
Belgium,2011 Q2,1.779238169,7,55.5,89.67468,1.29549692
Belgium,2011 Q3,1.760977612,7.6,55.5,89.67468,1.383446647
Belgium,2011 Q4,1.857749148,7.2,55.5,89.67468,1.494916949
Belgium,2012 Q1,2.205093011,7.2,55.4,89.05692,1.831745337
Belgium,2012 Q2,2.267370972,7.366667,55.4,89.05692,1.779238169
Belgium,2012 Q3,2.285502785,7.6,55.4,89.05692,1.760977612
Belgium,2012 Q4,2.187947794,8.366667,55.4,89.05692,1.857749148
Belgium,2013 Q1,1.270728884,8.5,54.5,90.74921,2.205093011
Belgium,2013 Q2,1.286259262,8.566667,54.5,90.74921,2.267370972
Belgium,2013 Q3,1.401997437,8.533334,54.5,90.74921,2.285502785
Belgium,2013 Q4,1.445328204,8.666667,54.5,90.74921,2.187947794
Belgium,2014 Q1,1.761385953,8.733334,54.4,90.73559,1.270728884
Belgium,2014 Q2,1.751164699,8.566667,54.4,90.73559,1.286259262
Belgium,2014 Q3,1.495603235,8.633333,54.4,90.73559,1.401997437
Belgium,2014 Q4,1.292198217,8.7,54.4,90.73559,1.445328204
Belgium,2015 Q1,1.259441432,8.833333,53.2,90.50374,1.761385953
Belgium,2015 Q2,1.228356928,8.666667,53.2,90.50374,1.751164699
Belgium,2015 Q3,1.306577027,8.266666,53.2,90.50374,1.495603235
Belgium,2015 Q4,1.681309077,8.833333,53.2,90.50374,1.292198217
Belgium,2016 Q1,1.947074038,8.233334,52.5,90.94256,1.259441432
Belgium,2016 Q2,2.12192141,8.166667,52.5,90.94256,1.228356928
Belgium,2016 Q3,2.101034992,7.7,52.5,90.94256,1.306577027
Belgium,2016 Q4,1.669606348,7.266667,52.5,90.94256,1.681309077
Belgium,2017 Q1,1.507405822,7.633333,51.9,91.68322,1.947074038
Belgium,2017 Q2,1.537727767,7.266667,51.9,91.68322,2.12192141
Belgium,2017 Q3,1.52914589,7.066667,51.9,91.68322,2.101034992
Belgium,2017 Q4,1.48717633,6.433333,51.9,91.68322,1.669606348
Belgium,2018 Q1,1.387541766,6.133333,51.8,92.37965,1.507405822
Belgium,2018 Q2,1.142136395,6.333333,51.8,92.37965,1.537727767
Belgium,2018 Q3,1.247214019,5.733333,51.8,92.37965,1.52914589
Belgium,2018 Q4,1.47472512,5.733333,51.8,92.37965,1.48717633
Belgium,2019 Q1,1.607524403,5.533333,51.1,93.21033,1.387541766
Belgium,2019 Q2,1.831417822,5.533333,51.1,93.21033,1.142136395
Belgium,2019 Q3,1.647667438,5.166667,51.1,93.21033,1.247214019
Belgium,2019 Q4,1.659143798,5.2,51.1,93.21033,1.47472512
Finland,1999 Q1,1.272425259,10.6,73.6,83.53893,1.725851572
Finland,1999 Q2,1.295341517,10.33333,73.6,83.53893,1.578942759
Finland,1999 Q3,1.13158038,10.1,73.6,83.53893,1.509682506
Finland,1999 Q4,1.221077104,10.1,73.6,83.53893,1.566574897
Finland,2000 Q1,2.109119172,10.16667,73.6,84.25424,1.272425259
Finland,2000 Q2,2.337530088,9.8,73.6,84.25424,1.295341517
Finland,2000 Q3,2.699876727,9.6,73.6,84.25424,1.13158038
Finland,2000 Q4,3.08244819,9.4,73.6,84.25424,1.221077104
Finland,2001 Q1,2.908133071,9.266666,78.7,82.85934,2.109119172
Finland,2001 Q2,3.01299627,9.1,78.7,82.85934,2.337530088
Finland,2001 Q3,2.563003212,9.066667,78.7,82.85934,2.699876727
Finland,2001 Q4,2.012048296,9.1,78.7,82.85934,3.08244819
Finland,2002 Q1,1.629349709,9.1,76.6,85.21391,2.908133071
Finland,2002 Q2,1.404062997,9.133333,76.6,85.21391,3.01299627
Finland,2002 Q3,1.541554147,9.1,76.6,85.21391,2.563003212
Finland,2002 Q4,1.601139485,9,76.6,85.21391,2.012048296
Finland,2003 Q1,1.212897017,8.966666,75.2,83.3842,1.629349709
Finland,2003 Q2,0.856999782,9.3,75.2,83.3842,1.404062997
Finland,2003 Q3,0.306822593,8.9,75.2,83.3842,1.541554147
Finland,2003 Q4,0.08897028,8.966666,75.2,83.3842,1.601139485
Finland,2004 Q1,-0.022312043,8.866667,74.8,80.7654,1.212897017
Finland,2004 Q2,-0.694357137,9.2,74.8,80.7654,0.856999782
Finland,2004 Q3,-0.143381336,8.633333,74.8,80.7654,0.306822593
Finland,2004 Q4,0.0126921,8.566667,74.8,80.7654,0.08897028
Finland,2005 Q1,0.079311805,8.7,74,81.3818,-0.022312043
Finland,2005 Q2,0.52717088,8.433333,74,81.3818,-0.694357137
Finland,2005 Q3,0.128282148,8.133333,74,81.3818,-0.143381336
Finland,2005 Q4,0.010087312,8.233334,74,81.3818,0.0126921
Finland,2006 Q1,0.347225867,8,73,80.45052,0.079311805
Finland,2006 Q2,0.985389975,7.766667,73,80.45052,0.52717088
Finland,2006 Q3,1.516527312,7.633333,73,80.45052,0.128282148
Finland,2006 Q4,2.232115622,7.366667,73,80.45052,0.010087312
Finland,2007 Q1,2.648483534,7.166667,71.7,84.0785,0.347225867
Finland,2007 Q2,2.778974079,6.666667,71.7,84.0785,0.985389975
Finland,2007 Q3,2.819909593,6.9,71.7,84.0785,1.516527312
Finland,2007 Q4,2.320061533,6.633333,71.7,84.0785,2.232115622
Finland,2008 Q1,2.379172576,6.333333,70.6,51.12997,2.648483534
Finland,2008 Q2,2.274033285,6.166667,70.6,51.12997,2.778974079
Finland,2008 Q3,2.627363383,6.4,70.6,51.12997,2.819909593
Finland,2008 Q4,2.913026989,6.566667,70.6,51.12997,2.320061533
Finland,2009 Q1,1.804663117,7.333333,72.6,51.56519,2.379172576
Finland,2009 Q2,0.589583628,8.533334,72.6,51.56519,2.274033285
Finland,2009 Q3,-0.215160745,8.566667,72.6,51.56519,2.627363383
Finland,2009 Q4,-0.553141776,9.033334,72.6,51.56519,2.913026989
Finland,2010 Q1,0.385977575,8.933333,72.5,51.7067,1.804663117
Finland,2010 Q2,1.311534719,8.566667,72.5,51.7067,0.589583628
Finland,2010 Q3,1.345959562,8.433333,72.5,51.7067,-0.215160745
Finland,2010 Q4,1.714938152,8.333333,72.5,51.7067,-0.553141776
Finland,2011 Q1,1.643744952,8.433333,71.1,54.77822,0.385977575
Finland,2011 Q2,1.799408238,7.933333,71.1,54.77822,1.311534719
Finland,2011 Q3,2.537567887,7.833333,71.1,54.77822,1.345959562
Finland,2011 Q4,2.183253453,7.7,71.1,54.77822,1.714938152
Finland,2012 Q1,2.54124993,7.7,69.9,55.10778,1.643744952
Finland,2012 Q2,2.684116219,7.666667,69.9,55.10778,1.799408238
Finland,2012 Q3,2.149129013,8.066667,69.9,55.10778,2.537567887
Finland,2012 Q4,1.715772125,7.866667,69.9,55.10778,2.183253453
Finland,2013 Q1,1.094305739,8.433333,68,55.51252,2.54124993
Finland,2013 Q2,0.796941027,8.033334,68,55.51252,2.684116219
Finland,2013 Q3,0.860698777,8.133333,68,55.51252,2.149129013
Finland,2013 Q4,1.177589948,8.533334,68,55.51252,1.715772125
Finland,2014 Q1,1.432660813,8.666667,67.6,56.96135,1.094305739
Finland,2014 Q2,1.391529417,8.633333,67.6,56.96135,0.796941027
Finland,2014 Q3,1.517066926,8.566667,67.6,56.96135,0.860698777
Finland,2014 Q4,1.509939162,9.166667,67.6,56.96135,1.177589948
Finland,2015 Q1,0.882231854,9.3,66.9,59.43406,1.432660813
Finland,2015 Q2,0.390412751,9.566667,66.9,59.43406,1.391529417
Finland,2015 Q3,0.547676015,9.433333,66.9,59.43406,1.517066926
Finland,2015 Q4,0.430158048,9.466666,66.9,59.43406,1.509939162
Finland,2016 Q1,0.712582827,9.2,65.1,60.9257,0.882231854
Finland,2016 Q2,1.196050917,8.933333,65.1,60.9257,0.390412751
Finland,2016 Q3,1.025538065,8.6,65.1,60.9257,0.547676015
Finland,2016 Q4,0.919141617,8.9,65.1,60.9257,0.430158048
Finland,2017 Q1,0.757399846,8.966666,62.4,72.19353,0.712582827
Finland,2017 Q2,0.769289435,9,62.4,72.19353,1.196050917
Finland,2017 Q3,0.570199723,8.6,62.4,72.19353,1.025538065
Finland,2017 Q4,0.539123968,8.366667,62.4,72.19353,0.919141617
Finland,2018 Q1,0.659424569,8.4,60.2,73.41364,0.757399846
Finland,2018 Q2,0.576666011,7.366667,60.2,73.41364,0.769289435
Finland,2018 Q3,0.714336977,7.2,60.2,73.41364,0.570199723
Finland,2018 Q4,0.775016604,6.733333,60.2,73.41364,0.539123968
Finland,2019 Q1,0.818807114,6.733333,59.4,73.46107,0.659424569
Finland,2019 Q2,0.872988184,6.766667,59.4,73.46107,0.576666011
Finland,2019 Q3,0.888296258,6.733333,59.4,73.46107,0.714336977
Finland,2019 Q4,0.736639107,6.766667,59.4,73.46107,0.775016604
France,1999 Q1,0.621500509,10.73333,10.8,81.85308,0.771611636
France,1999 Q2,0.626353562,10.7,10.8,81.85308,0.846922734
France,1999 Q3,0.55420297,10.36667,10.8,81.85308,0.793803199
France,1999 Q4,0.508712087,9.966666,10.8,81.85308,0.747157006
France,2000 Q1,0.521923493,9.633333,10.8,82.3141,0.621500509
France,2000 Q2,0.283766696,9.3,10.8,82.3141,0.626353562
France,2000 Q3,0.491186765,9,10.8,82.3141,0.55420297
France,2000 Q4,0.732145454,8.766666,10.8,82.3141,0.508712087
France,2001 Q1,0.814113702,8.566667,10.8,82.28794,0.521923493
France,2001 Q2,1.179706607,8.5,10.8,82.28794,0.283766696
France,2001 Q3,1.321296808,8.4,10.8,82.28794,0.491186765
France,2001 Q4,1.421831992,8.366667,10.8,82.28794,0.732145454
France,2002 Q1,1.925207847,8.2,10.8,82.52696,0.814113702
France,2002 Q2,2.004848932,8.2,10.8,82.52696,1.179706607
France,2002 Q3,2.268120526,8.3,10.8,82.52696,1.321296808
France,2002 Q4,2.279638154,8.4,10.8,82.52696,1.421831992
France,2003 Q1,2.144246658,8.3,10.8,83.73734,1.925207847
France,2003 Q2,2.011419014,8.5,10.8,83.73734,2.004848932
France,2003 Q3,1.734926577,8.466666,10.8,83.73734,2.268120526
France,2003 Q4,2.282930576,8.833333,10.8,83.73734,2.279638154
France,2004 Q1,2.308474166,8.9,10.5,85.32427,2.144246658
France,2004 Q2,2.328721888,8.8,10.5,85.32427,2.011419014
France,2004 Q3,2.45650371,8.866667,10.5,85.32427,1.734926577
France,2004 Q4,1.850103011,8.933333,10.5,85.32427,2.282930576
France,2005 Q1,1.393518517,8.633333,10.5,85.30079,2.308474166
France,2005 Q2,1.404119679,8.8,10.5,85.30079,2.328721888
France,2005 Q3,1.139368534,8.966666,10.5,85.30079,2.45650371
France,2005 Q4,1.086033507,9.1,10.5,85.30079,1.850103011
France,2006 Q1,1.092408833,9.166667,10.5,85.20729,1.393518517
France,2006 Q2,1.122464732,8.933333,10.5,85.20729,1.404119679
France,2006 Q3,1.174399345,8.9,10.5,85.20729,1.139368534
France,2006 Q4,1.264736898,8.366667,10.5,85.20729,1.086033507
France,2007 Q1,1.334025071,8.466666,10.5,85.71176,1.092408833
France,2007 Q2,1.408305651,8.1,10.5,85.71176,1.122464732
France,2007 Q3,1.492955102,8,10.5,85.71176,1.174399345
France,2007 Q4,1.640001446,7.5,10.5,85.71176,1.264736898
France,2008 Q1,1.615682723,7.1,10.7,67.93343,1.334025071
France,2008 Q2,1.627293794,7.333333,10.7,67.93343,1.408305651
France,2008 Q3,1.511668966,7.5,10.7,67.93343,1.492955102
France,2008 Q4,1.425638998,7.8,10.7,67.93343,1.640001446
France,2009 Q1,1.448538129,8.6,10.7,67.44741,1.615682723
France,2009 Q2,1.427240693,9.166667,10.7,67.44741,1.627293794
France,2009 Q3,1.34082822,9.2,10.7,67.44741,1.511668966
France,2009 Q4,1.062661725,9.533334,10.7,67.44741,1.425638998
France,2010 Q1,1.046953275,9.4,10.8,67.61182,1.448538129
France,2010 Q2,0.805456585,9.266666,10.8,67.61182,1.427240693
France,2010 Q3,0.861958228,9.233334,10.8,67.61182,1.34082822
France,2010 Q4,0.895413981,9.2,10.8,67.61182,1.062661725
France,2011 Q1,0.809483931,9.166667,10.8,68.70435,1.046953275
France,2011 Q2,1.187615586,9.133333,10.8,68.70435,0.805456585
France,2011 Q3,1.003883719,9.2,10.8,68.70435,0.861958228
France,2011 Q4,1.39310916,9.333333,10.8,68.70435,0.895413981
France,2012 Q1,1.474872449,9.5,10.8,68.56078,0.809483931
France,2012 Q2,1.479216461,9.666667,10.8,68.56078,1.187615586
France,2012 Q3,1.516237992,9.733334,10.8,68.56078,1.003883719
France,2012 Q4,1.119503369,10.16667,10.8,68.56078,1.39310916
France,2013 Q1,0.883832794,10.4,11,70.44711,1.474872449
France,2013 Q2,0.685255379,10.43333,11,70.44711,1.479216461
France,2013 Q3,0.86713084,10.23333,11,70.44711,1.516237992
France,2013 Q4,0.821996173,10.16667,11,70.44711,1.119503369
France,2014 Q1,1.065957348,10.2,11,71.58571,0.883832794
France,2014 Q2,1.032499084,10.13333,11,71.58571,0.685255379
France,2014 Q3,0.916207613,10.26667,11,71.58571,0.86713084
France,2014 Q4,0.687144859,10.46667,11,71.58571,0.821996173
France,2015 Q1,0.300749845,10.36667,11,72.18551,1.065957348
France,2015 Q2,0.527756985,10.43333,11,72.18551,1.032499084
France,2015 Q3,0.528386473,10.3,11,72.18551,0.916207613
France,2015 Q4,0.576417955,10.26667,11,72.18551,0.687144859
France,2016 Q1,0.525302863,10.3,10.8,73.56103,0.300749845
France,2016 Q2,0.400743026,10.03333,10.8,73.56103,0.527756985
France,2016 Q3,0.366138155,9.866667,10.8,73.56103,0.528386473
France,2016 Q4,0.372198899,10.06667,10.8,73.56103,0.576417955
France,2017 Q1,0.342884152,9.633333,10.8,75.82878,0.525302863
France,2017 Q2,0.479727346,9.5,10.8,75.82878,0.400743026
France,2017 Q3,0.574780035,9.466666,10.8,75.82878,0.366138155
France,2017 Q4,0.686929734,9.033334,10.8,75.82878,0.372198899
France,2018 Q1,1.008271358,9.266666,10.8,76.82163,0.342884152
France,2018 Q2,1.162738953,9.1,10.8,76.82163,0.479727346
France,2018 Q3,1.138642916,8.933333,10.8,76.82163,0.574780035
France,2018 Q4,0.910843083,8.8,10.8,76.82163,0.686929734
France,2019 Q1,0.698932434,8.733334,10.1,77.20018,1.008271358
France,2019 Q2,0.645753482,8.5,10.1,77.20018,1.162738953
France,2019 Q3,0.743938586,8.3,10.1,77.20018,1.138642916
France,2019 Q4,1.049664748,8.2,10.1,77.20018,0.910843083
Germany,1999 Q1,0.705616308,8.833333,22,80.76959,1.533159531
Germany,1999 Q2,0.468537656,8.633333,22,80.76959,1.690917167
Germany,1999 Q3,0.350079004,8.466666,22,80.76959,1.052250402
Germany,1999 Q4,0.396837129,8.3,22,80.76959,1.145807383
Germany,2000 Q1,0.582674582,8.133333,22,81.39133,0.705616308
Germany,2000 Q2,0.451639542,8,22,81.39133,0.468537656
Germany,2000 Q3,0.374718169,7.9,22,81.39133,0.350079004
Germany,2000 Q4,0.587133194,7.766667,22,81.39133,0.396837129
Germany,2001 Q1,0.817311084,7.666667,21.4,81.71965,0.582674582
Germany,2001 Q2,1.270341383,7.666667,21.4,81.71965,0.451639542
Germany,2001 Q3,1.362183955,7.833333,21.4,81.71965,0.374718169
Germany,2001 Q4,1.675272007,8.033334,21.4,81.71965,0.587133194
Germany,2002 Q1,1.866736268,8.166667,21.1,86.89352,0.817311084
Germany,2002 Q2,1.669365711,8.4,21.1,86.89352,1.270341383
Germany,2002 Q3,1.567147202,8.733334,21.1,86.89352,1.362183955
Germany,2002 Q4,1.179181528,9.1,21.1,86.89352,1.675272007
Germany,2003 Q1,0.882136073,9.5,20.7,87.89471,1.866736268
Germany,2003 Q2,0.850228557,9.733334,20.7,87.89471,1.669365711
Germany,2003 Q3,0.910413668,9.8,20.7,87.89471,1.567147202
Germany,2003 Q4,0.916727515,9.8,20.7,87.89471,1.179181528
Germany,2004 Q1,1.3115179,10.06667,19.8,88.18104,0.882136073
Germany,2004 Q2,1.828104782,10.3,19.8,88.18104,0.850228557
Germany,2004 Q3,1.694292856,10.36667,19.8,88.18104,0.910413668
Germany,2004 Q4,1.897189507,10.6,19.8,88.18104,0.916727515
Germany,2005 Q1,1.259147789,10.83333,19.6,89.52229,1.3115179
Germany,2005 Q2,0.556556333,11.2,19.6,89.52229,1.828104782
Germany,2005 Q3,0.564854324,11.16667,19.6,89.52229,1.694292856
Germany,2005 Q4,0.518383759,10.86667,19.6,89.52229,1.897189507
Germany,2006 Q1,0.427415607,10.53333,19.1,89.33286,1.259147789
Germany,2006 Q2,0.652201134,10.2,19.1,89.33286,0.556556333
Germany,2006 Q3,0.705106495,9.9,19.1,89.33286,0.564854324
Germany,2006 Q4,0.929627276,9.566667,19.1,89.33286,0.518383759
Germany,2007 Q1,1.568783022,9.066667,18.4,89.54395,0.427415607
Germany,2007 Q2,1.969939761,8.6,18.4,89.54395,0.652201134
Germany,2007 Q3,2.074561129,8.433333,18.4,89.54395,0.705106495
Germany,2007 Q4,1.976366663,8.2,18.4,89.54395,0.929627276
Germany,2008 Q1,1.571668203,7.9,17.8,88.82138,1.568783022
Germany,2008 Q2,1.202217272,7.533333,17.8,88.82138,1.969939761
Germany,2008 Q3,1.385224238,7.133333,17.8,88.82138,2.074561129
Germany,2008 Q4,1.284734055,7.033333,17.8,88.82138,1.976366663
Germany,2009 Q1,1.224127901,7.2,17.6,89.66425,1.571668203
Germany,2009 Q2,1.327689646,7.466667,17.6,89.66425,1.202217272
Germany,2009 Q3,1.1610031,7.533333,17.6,89.66425,1.385224238
Germany,2009 Q4,1.050268906,7.266667,17.6,89.66425,1.284734055
Germany,2010 Q1,0.724279093,7,17.3,90.2085,1.224127901
Germany,2010 Q2,0.626359363,6.7,17.3,90.2085,1.327689646
Germany,2010 Q3,0.595750573,6.433333,17.3,90.2085,1.1610031
Germany,2010 Q4,0.532499541,6.2,17.3,90.2085,1.050268906
Germany,2011 Q1,0.740242477,5.866667,17,89.89533,0.724279093
Germany,2011 Q2,0.897944175,5.566667,17,89.89533,0.626359363
Germany,2011 Q3,0.941141387,5.433333,17,89.89533,0.595750573
Germany,2011 Q4,1.034845164,5.233333,17,89.89533,0.532499541
Germany,2012 Q1,1.234686562,5.1,16.8,92.15215,0.740242477
Germany,2012 Q2,1.261645263,5.1,16.8,92.15215,0.897944175
Germany,2012 Q3,1.294960486,5.033333,16.8,92.15215,0.941141387
Germany,2012 Q4,1.478224484,5,16.8,92.15215,1.034845164
Germany,2013 Q1,1.167357011,5.066667,16.6,91.11972,1.234686562
Germany,2013 Q2,1.127189381,4.966667,16.6,91.11972,1.261645263
Germany,2013 Q3,1.340547761,4.9,16.6,91.11972,1.294960486
Germany,2013 Q4,1.264948412,4.8,16.6,91.11972,1.478224484
Germany,2014 Q1,1.454125957,4.8,16.4,92.16978,1.167357011
Germany,2014 Q2,1.396741511,4.733333,16.4,92.16978,1.127189381
Germany,2014 Q3,1.255908965,4.7,16.4,92.16978,1.340547761
Germany,2014 Q4,1.129811039,4.633333,16.4,92.16978,1.264948412
Germany,2015 Q1,1.008672441,4.5,16.2,93.33008,1.454125957
Germany,2015 Q2,1.87399058,4.4,16.2,93.33008,1.396741511
Germany,2015 Q3,1.940010138,4.3,16.2,93.33008,1.255908965
Germany,2015 Q4,1.403424232,4.2,16.2,93.33008,1.129811039
Germany,2016 Q1,1.263783271,4.066667,15.9,94.25835,1.008672441
Germany,2016 Q2,1.122360937,4,15.9,94.25835,1.87399058
Germany,2016 Q3,1.215743903,3.866667,15.9,94.25835,1.940010138
Germany,2016 Q4,1.209944267,3.7,15.9,94.25835,1.403424232
Germany,2017 Q1,0.97432867,3.633333,15.6,95.12145,1.263783271
Germany,2017 Q2,1.291229624,3.566667,15.6,95.12145,1.122360937
Germany,2017 Q3,1.409800621,3.466667,15.6,95.12145,1.215743903
Germany,2017 Q4,1.178148129,3.4,15.6,95.12145,1.209944267
Germany,2018 Q1,1.364895871,3.3,15.4,96.36101,0.97432867
Germany,2018 Q2,1.270669859,3.2,15.4,96.36101,1.291229624
Germany,2018 Q3,1.191794802,3.166667,15.4,96.36101,1.409800621
Germany,2018 Q4,1.353342625,3.1,15.4,96.36101,1.178148129
Germany,2019 Q1,1.184334485,3,15.1,96.42564,1.364895871
Germany,2019 Q2,1.549179435,2.9,15.1,96.42564,1.270669859
Germany,2019 Q3,1.53395376,2.9,15.1,96.42564,1.191794802
Germany,2019 Q4,1.638240725,3,15.1,96.42564,1.353342625
Ireland,1999 Q1,1.041014938,6.366667,33.9,94.09011,1.698044045
Ireland,1999 Q2,1.119505365,6.2,33.9,94.09011,2.31728652
Ireland,1999 Q3,1.095025739,5.566667,33.9,94.09011,2.832121488
Ireland,1999 Q4,1.926615591,5.533333,33.9,94.09011,2.098710729
Ireland,2000 Q1,4.387837833,4.8,33.9,93.76707,1.041014938
Ireland,2000 Q2,5.412748238,4.6,33.9,93.76707,1.119505365
Ireland,2000 Q3,6.294077376,4.233333,33.9,93.76707,1.095025739
Ireland,2000 Q4,6.568333,3.9,33.9,93.76707,1.926615591
Ireland,2001 Q1,5.498975077,3.966667,33.2,95.36345,4.387837833
Ireland,2001 Q2,5.393325932,4,33.2,95.36345,5.412748238
Ireland,2001 Q3,4.692598998,4.366667,33.2,95.36345,6.294077376
Ireland,2001 Q4,4.397050002,4.433333,33.2,95.36345,6.568333
Ireland,2002 Q1,6.708142935,4.533333,33.4,95.10866,5.498975077
Ireland,2002 Q2,6.604713671,4.633333,33.4,95.10866,5.393325932
Ireland,2002 Q3,6.322231998,4.5,33.4,95.10866,4.692598998
Ireland,2002 Q4,6.750758678,5.266667,33.4,95.10866,4.397050002
Ireland,2003 Q1,5.134627434,4.833333,34.9,95.59214,6.708142935
Ireland,2003 Q2,4.137491796,4.766667,34.9,95.59214,6.604713671
Ireland,2003 Q3,3.569722616,5,34.9,95.59214,6.322231998
Ireland,2003 Q4,2.454139088,4.766667,34.9,95.59214,6.750758678
Ireland,2004 Q1,1.81646093,5.133333,33.6,95.69424,5.134627434
Ireland,2004 Q2,1.779564376,4.666667,33.6,95.69424,4.137491796
Ireland,2004 Q3,2.497664762,4.5,33.6,95.69424,3.569722616
Ireland,2004 Q4,2.467455191,4.7,33.6,95.69424,2.454139088
Ireland,2005 Q1,2.027223879,4.433333,33.2,95.13749,1.81646093
Ireland,2005 Q2,2.176046526,4.866667,33.2,95.13749,1.779564376
Ireland,2005 Q3,2.127105676,4.7,33.2,95.13749,2.497664762
Ireland,2005 Q4,2.328840202,4.533333,33.2,95.13749,2.467455191
Ireland,2006 Q1,2.855016299,4.7,31.8,95.19331,2.027223879
Ireland,2006 Q2,3.514134777,4.733333,31.8,95.19331,2.176046526
Ireland,2006 Q3,4.498249072,5,31.8,95.19331,2.127105676
Ireland,2006 Q4,5.251598581,4.633333,31.8,95.19331,2.328840202
Ireland,2007 Q1,5.816868364,4.9,30.4,95.18061,2.855016299
Ireland,2007 Q2,5.583810636,5,30.4,95.18061,3.514134777
Ireland,2007 Q3,5.107279376,4.9,30.4,95.18061,4.498249072
Ireland,2007 Q4,4.396923056,5.2,30.4,95.18061,5.251598581
Ireland,2008 Q1,3.887376623,5.366667,30.8,74.9782,5.816868364
Ireland,2008 Q2,3.70631279,5.933333,30.8,74.9782,5.583810636
Ireland,2008 Q3,3.168416597,7.366667,30.8,74.9782,5.107279376
Ireland,2008 Q4,2.243207353,8.533334,30.8,74.9782,4.396923056
Ireland,2009 Q1,-1.425332002,10.86667,31.8,75.5133,3.887376623
Ireland,2009 Q2,-4.357932718,12.6,31.8,75.5133,3.70631279
Ireland,2009 Q3,-5.677805105,13.3,31.8,75.5133,3.168416597
Ireland,2009 Q4,-5.703947518,13.83333,31.8,75.5133,2.243207353
Ireland,2010 Q1,-3.783098292,13.8,31.6,76.53985,-1.425332002
Ireland,2010 Q2,-1.721548468,14.36667,31.6,76.53985,-4.357932718
Ireland,2010 Q3,-0.127324125,14.6,31.6,76.53985,-5.677805105
Ireland,2010 Q4,0.119851009,15.63333,31.6,76.53985,-5.703947518
Ireland,2011 Q1,1.334035065,15.13333,31.5,77.47628,-3.783098292
Ireland,2011 Q2,2.263374702,15.03333,31.5,77.47628,-1.721548468
Ireland,2011 Q3,1.712500282,15.6,31.5,77.47628,-0.127324125
Ireland,2011 Q4,2.035341967,15.86667,31.5,77.47628,0.119851009
Ireland,2012 Q1,1.648314292,15.93333,30,77.82938,1.334035065
Ireland,2012 Q2,0.919346416,15.53333,30,77.82938,2.263374702
Ireland,2012 Q3,0.908056818,15.5,30,77.82938,1.712500282
Ireland,2012 Q4,0.011820132,15,30,77.82938,2.035341967
Ireland,2013 Q1,0.462792008,14.56667,28.5,77.64466,1.648314292
Ireland,2013 Q2,0.526932556,14.36667,28.5,77.64466,0.919346416
Ireland,2013 Q3,0.330678489,13.33333,28.5,77.64466,0.908056818
Ireland,2013 Q4,0.707463547,12.83333,28.5,77.64466,0.011820132
Ireland,2014 Q1,0.638223345,12.83333,26.2,79.32042,0.462792008
Ireland,2014 Q2,0.799894866,12.2,26.2,79.32042,0.526932556
Ireland,2014 Q3,0.830853403,11.66667,26.2,79.32042,0.330678489
Ireland,2014 Q4,0.76095846,10.86667,26.2,79.32042,0.707463547
Ireland,2015 Q1,0.880692009,10.63333,25.3,81.68104,0.638223345
Ireland,2015 Q2,0.665084915,10.06667,25.3,81.68104,0.799894866
Ireland,2015 Q3,1.259639357,9.533334,25.3,81.68104,0.830853403
Ireland,2015 Q4,1.243227294,9.466666,25.3,81.68104,0.76095846
Ireland,2016 Q1,0.873245302,8.933333,23.4,84.87,0.880692009
Ireland,2016 Q2,1.32465187,8.8,23.4,84.87,0.665084915
Ireland,2016 Q3,1.11714336,8.233334,23.4,84.87,1.259639357
Ireland,2016 Q4,0.295733122,7.566667,23.4,84.87,1.243227294
Ireland,2017 Q1,0.24796079,7.266667,24.2,89.47056,0.873245302
Ireland,2017 Q2,0.362043473,6.666667,24.2,89.47056,1.32465187
Ireland,2017 Q3,0.258269037,6.7,24.2,89.47056,1.11714336
Ireland,2017 Q4,0.417321997,6.433333,24.2,89.47056,0.295733122
Ireland,2018 Q1,0.392687759,5.933333,24.1,90.52358,0.24796079
Ireland,2018 Q2,-0.175353017,5.866667,24.1,90.52358,0.362043473
Ireland,2018 Q3,0.144159952,5.7,24.1,90.52358,0.258269037
Ireland,2018 Q4,0.339602978,5.766667,24.1,90.52358,0.417321997
Ireland,2019 Q1,0.863272517,5,25.1,90.94994,0.392687759
Ireland,2019 Q2,1.168643469,5.166667,25.1,90.94994,-0.175353017
Ireland,2019 Q3,1.043826606,5,25.1,90.94994,0.144159952
Ireland,2019 Q4,1.463703124,4.8,25.1,90.94994,0.339602978
Italy,1999 Q1,1.897798464,11.1,32.3,76.80946,2.586295157
Italy,1999 Q2,1.723938452,11.06667,32.3,76.80946,2.568170343
Italy,1999 Q3,1.878565897,10.93333,32.3,76.80946,2.542179615
Italy,1999 Q4,2.060984775,10.66667,32.3,76.80946,2.23527167
Italy,2000 Q1,2.044491982,10.56667,32.3,77.19441,1.897798464
Italy,2000 Q2,2.018913194,10.26667,32.3,77.19441,1.723938452
Italy,2000 Q3,1.93114007,9.966666,32.3,77.19441,1.878565897
Italy,2000 Q4,1.940212667,9.6,32.3,77.19441,2.060984775
Italy,2001 Q1,2.402965871,9.366667,31.9,77.43662,2.044491982
Italy,2001 Q2,2.678954756,9.133333,31.9,77.43662,2.018913194
Italy,2001 Q3,2.769341719,9.033334,31.9,77.43662,1.93114007
Italy,2001 Q4,2.624085238,8.866667,31.9,77.43662,1.940212667
Italy,2002 Q1,2.638021316,8.533334,31.3,77.68492,2.402965871
Italy,2002 Q2,2.528301521,8.833333,31.3,77.68492,2.678954756
Italy,2002 Q3,2.65282183,8.6,31.3,77.68492,2.769341719
Italy,2002 Q4,2.849397688,8.466666,31.3,77.68492,2.624085238
Italy,2003 Q1,2.580326049,8.733334,31.2,77.79152,2.638021316
Italy,2003 Q2,2.707026518,8.466666,31.2,77.79152,2.528301521
Italy,2003 Q3,2.570855537,8.4,31.2,77.79152,2.65282183
Italy,2003 Q4,2.289699585,8.2,31.2,77.79152,2.849397688
Italy,2004 Q1,2.210355062,8.2,31.6,80.97666,2.580326049
Italy,2004 Q2,2.24094775,8.033334,31.6,80.97666,2.707026518
Italy,2004 Q3,2.25233891,7.866667,31.6,80.97666,2.570855537
Italy,2004 Q4,2.128570791,8,31.6,80.97666,2.289699585
Italy,2005 Q1,2.108841224,7.9,31.5,79.47292,2.210355062
Italy,2005 Q2,1.789203794,7.8,31.5,79.47292,2.24094775
Italy,2005 Q3,1.828381893,7.666667,31.5,79.47292,2.25233891
Italy,2005 Q4,1.833539247,7.666667,31.5,79.47292,2.128570791
Italy,2006 Q1,1.728862766,7.333333,31.3,79.9456,2.108841224
Italy,2006 Q2,1.837119626,6.933333,31.3,79.9456,1.789203794
Italy,2006 Q3,1.627344324,6.666667,31.3,79.9456,1.828381893
Italy,2006 Q4,1.534600725,6.533333,31.3,79.9456,1.833539247
Italy,2007 Q1,1.574971914,6.166667,31.5,80.69713,1.728862766
Italy,2007 Q2,1.478894131,6,31.5,80.69713,1.837119626
Italy,2007 Q3,1.649149485,6.233333,31.5,80.69713,1.627344324
Italy,2007 Q4,1.762542835,6.433333,31.5,80.69713,1.534600725
Italy,2008 Q1,2.013104374,6.6,31.7,44.639,1.574971914
Italy,2008 Q2,2.120629891,6.833333,31.7,44.639,1.478894131
Italy,2008 Q3,2.387684434,6.733333,31.7,44.639,1.649149485
Italy,2008 Q4,2.232130198,6.966667,31.7,44.639,1.762542835
Italy,2009 Q1,1.785213093,7.466667,32.5,45.3386,2.013104374
Italy,2009 Q2,1.747891056,7.6,32.5,45.3386,2.120629891
Italy,2009 Q3,1.335681137,8.033334,32.5,45.3386,2.387684434
Italy,2009 Q4,1.424069881,8.4,32.5,45.3386,2.232130198
Italy,2010 Q1,1.54818216,8.6,33,46.09751,1.785213093
Italy,2010 Q2,1.493996874,8.666667,33,46.09751,1.747891056
Italy,2010 Q3,1.649746905,8.366667,33,46.09751,1.335681137
Italy,2010 Q4,1.599867354,8.4,33,46.09751,1.424069881
Italy,2011 Q1,1.693134097,8.133333,33,46.61756,1.54818216
Italy,2011 Q2,1.912371113,8.166667,33,46.61756,1.493996874
Italy,2011 Q3,2.047063768,8.666667,33,46.61756,1.649746905
Italy,2011 Q4,2.331110649,9.366667,33,46.61756,1.599867354
Italy,2012 Q1,2.061320007,10.2,33.3,44.91083,1.693134097
Italy,2012 Q2,2.133845939,10.73333,33.3,44.91083,1.912371113
Italy,2012 Q3,2.0628433,11.03333,33.3,44.91083,2.047063768
Italy,2012 Q4,1.389690885,11.63333,33.3,44.91083,2.331110649
Italy,2013 Q1,1.41297445,12.1,33.6,46.9455,2.061320007
Italy,2013 Q2,1.10886577,12.33333,33.6,46.9455,2.133845939
Italy,2013 Q3,1.116798554,12.43333,33.6,46.9455,2.0628433
Italy,2013 Q4,0.994304878,12.6,33.6,46.9455,1.389690885
Italy,2014 Q1,0.855223448,12.9,33.5,47.68085,1.41297445
Italy,2014 Q2,0.815101981,12.56667,33.5,47.68085,1.10886577
Italy,2014 Q3,0.437432404,12.76667,33.5,47.68085,1.116798554
Italy,2014 Q4,0.500798543,12.9,33.5,47.68085,0.994304878
Italy,2015 Q1,0.468138564,12.46667,32.5,47.66271,0.855223448
Italy,2015 Q2,0.577578815,12.33333,32.5,47.66271,0.815101981
Italy,2015 Q3,0.806653484,11.63333,32.5,47.66271,0.437432404
Italy,2015 Q4,0.693562895,11.66667,32.5,47.66271,0.500798543
Italy,2016 Q1,0.574827067,11.63333,31.8,49.94355,0.468138564
Italy,2016 Q2,0.433256241,11.7,31.8,49.94355,0.577578815
Italy,2016 Q3,0.524302746,11.7,31.8,49.94355,0.806653484
Italy,2016 Q4,0.459903362,11.83333,31.8,49.94355,0.693562895
Italy,2017 Q1,0.680159207,11.6,31.4,59.15599,0.574827067
Italy,2017 Q2,0.949888196,11.26667,31.4,59.15599,0.433256241
Italy,2017 Q3,0.846607678,11.33333,31.4,59.15599,0.524302746
Italy,2017 Q4,0.370555694,11,31.4,59.15599,0.459903362
Italy,2018 Q1,0.46454355,10.9,30.8,55.26327,0.680159207
Italy,2018 Q2,0.565398555,10.76667,30.8,55.26327,0.949888196
Italy,2018 Q3,0.652966575,10.23333,30.8,55.26327,0.846607678
Italy,2018 Q4,0.707254513,10.5,30.8,55.26327,0.370555694
Italy,2019 Q1,0.485722871,10.4,30.6,54.51648,0.46454355
Italy,2019 Q2,0.565848262,9.966666,30.6,54.51648,0.565398555
Italy,2019 Q3,0.543193596,9.566667,30.6,54.51648,0.652966575
Italy,2019 Q4,0.69559535,9.666667,30.6,54.51648,0.707254513
Netherlands,1999 Q1,2.187430748,4.5,22.3,90.84842,1.971105286
Netherlands,1999 Q2,2.336254669,4.333333,22.3,90.84842,1.940127142
Netherlands,1999 Q3,2.334095673,4.166667,22.3,90.84842,2.171587367
Netherlands,1999 Q4,2.085244554,4.033333,22.3,90.84842,2.156795741
Netherlands,2000 Q1,1.457478804,3.866667,22.3,90.7943,2.187430748
Netherlands,2000 Q2,1.583087192,3.733333,22.3,90.7943,2.336254669
Netherlands,2000 Q3,1.385916271,3.566667,22.3,90.7943,2.334095673
Netherlands,2000 Q4,1.806394029,3.366667,22.3,90.7943,2.085244554
Netherlands,2001 Q1,3.174744349,3.2,21.6,90.34301,1.457478804
Netherlands,2001 Q2,3.517181549,3.1,21.6,90.34301,1.583087192
Netherlands,2001 Q3,3.69378498,3.1,21.6,90.34301,1.385916271
Netherlands,2001 Q4,3.804504124,3.133333,21.6,90.34301,1.806394029
Netherlands,2002 Q1,3.751687063,3.3,21.4,89.93061,3.174744349
Netherlands,2002 Q2,3.595549737,3.5,21.4,89.93061,3.517181549
Netherlands,2002 Q3,3.356947217,3.8,21.4,89.93061,3.69378498
Netherlands,2002 Q4,2.813574118,4.1,21.4,89.93061,3.804504124
Netherlands,2003 Q1,2.372902427,5.433333,21.1,94.07138,3.751687063
Netherlands,2003 Q2,1.973661961,5.8,21.1,94.07138,3.595549737
Netherlands,2003 Q3,1.906745956,6.1,21.1,94.07138,3.356947217
Netherlands,2003 Q4,1.811260296,6.366667,21.1,94.07138,2.813574118
Netherlands,2004 Q1,1.456912046,6.6,21.3,94.66914,2.372902427
Netherlands,2004 Q2,1.600781016,6.933333,21.3,94.66914,1.973661961
Netherlands,2004 Q3,1.514962617,6.733333,21.3,94.66914,1.906745956
Netherlands,2004 Q4,1.565032833,6.866667,21.3,94.66914,1.811260296
Netherlands,2005 Q1,1.407699019,7.1,21.1,94.96142,1.456912046
Netherlands,2005 Q2,1.18967326,7.1,21.1,94.96142,1.600781016
Netherlands,2005 Q3,1.068574265,6.933333,21.1,94.96142,1.514962617
Netherlands,2005 Q4,1.09228676,6.833333,21.1,94.96142,1.565032833
Netherlands,2006 Q1,0.239963574,6.433333,20.4,94.69419,1.407699019
Netherlands,2006 Q2,0.354557017,6.133333,20.4,94.69419,1.18967326
Netherlands,2006 Q3,0.491632272,5.933333,20.4,94.69419,1.068574265
Netherlands,2006 Q4,0.343941918,5.866667,20.4,94.69419,1.09228676
Netherlands,2007 Q1,1.477735277,5.633333,19.2,94.42056,0.239963574
Netherlands,2007 Q2,1.742161582,5.266667,19.2,94.42056,0.354557017
Netherlands,2007 Q3,1.461769606,5.233333,19.2,94.42056,0.491632272
Netherlands,2007 Q4,1.253010831,5.066667,19.2,94.42056,0.343941918
Netherlands,2008 Q1,1.655321266,4.8,19.1,56.75282,1.477735277
Netherlands,2008 Q2,1.605114805,4.8,19.1,56.75282,1.742161582
Netherlands,2008 Q3,1.925122335,4.733333,19.1,56.75282,1.461769606
Netherlands,2008 Q4,2.17951757,4.733333,19.1,56.75282,1.253010831
Netherlands,2009 Q1,1.766848751,4.9,19.1,74.34154,1.655321266
Netherlands,2009 Q2,1.818809487,5.233333,19.1,74.34154,1.605114805
Netherlands,2009 Q3,1.772309517,5.6,19.1,74.34154,1.925122335
Netherlands,2009 Q4,1.68815108,5.933333,19.1,74.34154,2.17951757
Netherlands,2010 Q1,1.837905695,6.2,18.5,74.50785,1.766848751
Netherlands,2010 Q2,1.849232393,6.133333,18.5,74.50785,1.818809487
Netherlands,2010 Q3,1.30156638,6.1,18.5,74.50785,1.772309517
Netherlands,2010 Q4,1.372794509,5.933333,18.5,74.50785,1.68815108
Netherlands,2011 Q1,1.378377397,5.8,18.3,75.69289,1.837905695
Netherlands,2011 Q2,1.425625516,5.766667,18.3,75.69289,1.849232393
Netherlands,2011 Q3,2.278831803,6.066667,18.3,75.69289,1.30156638
Netherlands,2011 Q4,1.958214142,6.5,18.3,75.69289,1.372794509
Netherlands,2012 Q1,1.819169655,6.533333,18,76.37387,1.378377397
Netherlands,2012 Q2,1.81191676,6.733333,18,76.37387,1.425625516
Netherlands,2012 Q3,2.010580231,6.833333,18,76.37387,2.278831803
Netherlands,2012 Q4,2.36265836,7.2,18,76.37387,1.958214142
Netherlands,2013 Q1,2.843267678,7.7,17.4,78.12011,1.819169655
Netherlands,2013 Q2,2.871362277,8.133333,17.4,78.12011,1.81191676
Netherlands,2013 Q3,3.072419256,8.5,17.4,78.12011,2.010580231
Netherlands,2013 Q4,2.167932749,8.466666,17.4,78.12011,2.36265836
Netherlands,2014 Q1,1.651257597,8.666667,17.2,80.30186,2.843267678
Netherlands,2014 Q2,1.35218916,8.466666,17.2,80.30186,2.871362277
Netherlands,2014 Q3,1.339083334,8.1,17.2,80.30186,3.072419256
Netherlands,2014 Q4,1.345216664,8.133333,17.2,80.30186,2.167932749
Netherlands,2015 Q1,0.92111258,8.166667,16.8,79.67995,1.651257597
Netherlands,2015 Q2,1.507087799,8,16.8,79.67995,1.35218916
Netherlands,2015 Q3,1.386715225,7.733333,16.8,79.67995,1.339083334
Netherlands,2015 Q4,1.25516826,7.733333,16.8,79.67995,1.345216664
Netherlands,2016 Q1,1.226601331,7.433333,16.4,82.75481,0.92111258
Netherlands,2016 Q2,0.585264427,7.233333,16.4,82.75481,1.507087799
Netherlands,2016 Q3,0.569254693,6.833333,16.4,82.75481,1.386715225
Netherlands,2016 Q4,0.866882515,6.533333,16.4,82.75481,1.25516826
Netherlands,2017 Q1,1.131642328,6.3,15.8,87.70003,1.226601331
Netherlands,2017 Q2,0.974559291,6.066667,15.8,87.70003,0.585264427
Netherlands,2017 Q3,0.893522773,5.766667,15.8,87.70003,0.569254693
Netherlands,2017 Q4,0.949222199,5.433333,15.8,87.70003,0.866882515
Netherlands,2018 Q1,0.893754213,5.1,15.8,87.90946,1.131642328
Netherlands,2018 Q2,1.10788793,4.9,15.8,87.90946,0.974559291
Netherlands,2018 Q3,1.504686078,4.866667,15.8,87.90946,0.893522773
Netherlands,2018 Q4,1.659600646,4.633333,15.8,87.90946,0.949222199
Netherlands,2019 Q1,1.808759671,4.466667,14.4,88.68645,0.893754213
Netherlands,2019 Q2,1.851734902,4.333333,14.4,88.68645,1.10788793
Netherlands,2019 Q3,2.175474612,4.466667,14.4,88.68645,1.504686078
Netherlands,2019 Q4,2.179824435,4.433333,14.4,88.68645,1.659600646
Portugal,1999 Q1,3.021386,4.789545,18.6,79.29583,1.68069
Portugal,1999 Q2,2.901369,5.141682,18.6,79.29583,2.299516
Portugal,1999 Q3,2.578716,4.644143,18.6,79.29583,2.324061
Portugal,1999 Q4,2.68843,4.45212,18.6,79.29583,3.015992
Portugal,2000 Q1,2.451447,4.452434,18.6,79.64331,3.021386
Portugal,2000 Q2,2.772973,4.303125,18.6,79.64331,2.901369
Portugal,2000 Q3,3.043856,4.326354,18.6,79.64331,2.578716
Portugal,2000 Q4,3.095005,3.934914,18.6,79.64331,2.68843
Portugal,2001 Q1,3.518762,4.163972,18.6,80.20878,2.451447
Portugal,2001 Q2,3.479959,4.300884,18.6,80.20878,2.772973
Portugal,2001 Q3,3.447292,4.252601,18.6,80.20878,3.043856
Portugal,2001 Q4,3.723697,4.286276,18.6,80.20878,3.095005
Portugal,2002 Q1,4.213475,4.428781,18.6,80.21481,3.518762
Portugal,2002 Q2,4.634552,5.042168,18.6,80.21481,3.479959
Portugal,2002 Q3,5.090075,5.418479,18.6,80.21481,3.447292
Portugal,2002 Q4,5.091197,6.337347,18.6,80.21481,3.723697
Portugal,2003 Q1,4.348452,6.479639,19.2,81.80824,4.213475
Portugal,2003 Q2,3.724806,6.784136,19.2,81.80824,4.634552
Portugal,2003 Q3,2.849093,6.587813,19.2,81.80824,5.090075
Portugal,2003 Q4,2.562638,6.76019,19.2,81.80824,5.091197
Portugal,2004 Q1,2.493578,6.5232,19.6,83.81527,4.348452
Portugal,2004 Q2,2.59682,6.959025,19.6,83.81527,3.724806
Portugal,2004 Q3,2.408266,7.265125,19.6,83.81527,2.849093
Portugal,2004 Q4,2.558003,7.329686,19.6,83.81527,2.562638
Portugal,2005 Q1,2.714361,7.716441,19.6,82.9306,2.493578
Portugal,2005 Q2,2.432173,7.914637,19.6,82.9306,2.59682
Portugal,2005 Q3,2.883581,8.24044,19.6,82.9306,2.408266
Portugal,2005 Q4,2.702912,8.317637,19.6,82.9306,2.558003
Portugal,2006 Q1,2.958873,7.978155,19.5,83.83782,2.714361
Portugal,2006 Q2,3.338637,7.969032,19.5,83.83782,2.432173
Portugal,2006 Q3,2.756036,8.029459,19.5,83.83782,2.883581
Portugal,2006 Q4,2.623264,8.541903,19.5,83.83782,2.702912
Portugal,2007 Q1,2.147646,8.639255,19.5,83.67787,2.958873
Portugal,2007 Q2,2.639147,8.581869,19.5,83.67787,3.338637
Portugal,2007 Q3,2.366942,8.431754,19.5,83.67787,2.756036
Portugal,2007 Q4,2.257066,8.212475,19.5,83.67787,2.623264
Portugal,2008 Q1,2.453964,7.792114,19.2,66.18971,2.147646
Portugal,2008 Q2,1.815912,7.891971,19.2,66.18971,2.639147
Portugal,2008 Q3,1.890874,8.197611,19.2,66.18971,2.366942
Portugal,2008 Q4,1.801141,8.212135,19.2,66.18971,2.257066
Portugal,2009 Q1,1.514919,10.53989,20.4,65.41272,2.453964
Portugal,2009 Q2,1.145934,11.17928,20.4,65.41272,1.815912
Portugal,2009 Q3,1.142788,11.89651,20.4,65.41272,1.890874
Portugal,2009 Q4,0.7027506,12.12924,20.4,65.41272,1.801141
Portugal,2010 Q1,0.5169155,12.45428,18.2,65.48952,1.514919
Portugal,2010 Q2,0.6402464,12.84565,18.2,65.48952,1.145934
Portugal,2010 Q3,1.24201,13.08767,18.2,65.48952,1.142788
Portugal,2010 Q4,1.564078,13.11229,18.2,65.48952,0.7027506
Portugal,2011 Q1,2.82455,13.09768,18.6,65.97987,0.5169155
Portugal,2011 Q2,3.122021,13.38066,18.6,65.97987,0.6402464
Portugal,2011 Q3,2.58088,13.7497,18.6,65.97987,1.24201
Portugal,2011 Q4,2.790308,14.76407,18.6,65.97987,1.564078
Portugal,2012 Q1,2.070538,15.51722,18.6,64.51192,2.82455
Portugal,2012 Q2,1.417053,16.29593,18.6,64.51192,3.122021
Portugal,2012 Q3,1.268111,17.37815,18.6,64.51192,2.58088
Portugal,2012 Q4,1.060728,17.97587,18.6,64.51192,2.790308
Portugal,2013 Q1,-0.1474136,18.45354,18.6,64.93005,2.070538
Portugal,2013 Q2,0.4950824,17.9987,18.6,64.93005,1.417053
Portugal,2013 Q3,0.2841004,17.21014,18.6,64.93005,1.268111
Portugal,2013 Q4,0.1227686,16.30114,18.6,64.93005,1.060728
Portugal,2014 Q1,-2.23E-14,15.77808,18.6,65.98487,-0.1474136
Portugal,2014 Q2,0.02975698,15.0785,18.6,65.98487,0.4950824
Portugal,2014 Q3,0.02333022,14.18664,18.6,65.98487,0.2841004
Portugal,2014 Q4,0.2419221,14.04873,18.6,65.98487,0.1227686
Portugal,2015 Q1,0.3925647,14.11649,15.4,65.86378,-2.23E-14
Portugal,2015 Q2,0.6015733,12.91486,15.4,65.86378,0.02975698
Portugal,2015 Q3,0.8530205,12.78153,15.4,65.86378,0.02333022
Portugal,2015 Q4,0.8066649,12.59746,15.4,65.86378,0.2419221
Portugal,2016 Q1,0.969219,12.57384,14.6,68.82429,0.3925647
Portugal,2016 Q2,0.7622553,11.73478,14.6,68.82429,0.6015733
Portugal,2016 Q3,0.6574817,11.41459,14.6,68.82429,0.8530205
Portugal,2016 Q4,0.567362,10.94057,14.6,68.82429,0.8066649
Portugal,2017 Q1,0.5891894,10.19803,14.6,71.23643,0.969219
Portugal,2017 Q2,1.34342,9.582493,14.6,71.23643,0.7622553
Portugal,2017 Q3,1.204622,9.066516,14.6,71.23643,0.6574817
Portugal,2017 Q4,1.209848,8.378802,14.6,71.23643,0.567362
Portugal,2018 Q1,0.7667248,7.898491,14.6,71.84742,0.5891894
Portugal,2018 Q2,0.5855856,7.355555,14.6,71.84742,1.34342
Portugal,2018 Q3,0.8205494,7.222914,14.6,71.84742,1.204622
Portugal,2018 Q4,0.5026421,6.728278,14.6,71.84742,1.209848
Portugal,2019 Q1,0.8000784,6.696484,14.6,71.90206,0.7667248
Portugal,2019 Q2,0.6365556,6.750971,14.6,71.90206,0.5855856
Portugal,2019 Q3,0.09650647,6.585031,14.6,71.90206,0.8205494
Portugal,2019 Q4,0.4263914,6.847798,14.6,71.90206,0.5026421
Spain,1999 Q1,2.619592263,14.33333,14.8,81.19208,2.376490319
Spain,1999 Q2,2.540823747,13.53333,14.8,81.19208,2.478196116
Spain,1999 Q3,2.41051127,13.46667,14.8,81.19208,2.667297219
Spain,1999 Q4,2.263346734,13.06667,14.8,81.19208,2.675989437
Spain,2000 Q1,2.393776523,12.46667,14.8,81.6181,2.619592263
Spain,2000 Q2,2.717796532,11.93333,14.8,81.6181,2.540823747
Spain,2000 Q3,3.213967405,11.8,14.8,81.6181,2.41051127
Spain,2000 Q4,3.409097901,11.46667,14.8,81.6181,2.263346734
Spain,2001 Q1,3.649029338,10.66667,14.7,81.87554,2.393776523
Spain,2001 Q2,3.662159212,10.5,14.7,81.87554,2.717796532
Spain,2001 Q3,3.393867454,10.53333,14.7,81.87554,3.213967405
Spain,2001 Q4,3.345242222,10.6,14.7,81.87554,3.409097901
Spain,2002 Q1,2.345245813,11.26667,14.7,82.37503,3.649029338
Spain,2002 Q2,3.553172066,11.26667,14.7,82.37503,3.662159212
Spain,2002 Q3,1.825780415,11.73333,14.7,82.37503,3.393867454
Spain,2002 Q4,3.616942557,11.6,14.7,82.37503,3.345242222
Spain,2003 Q1,3.029568589,11.66667,14.6,82.90125,2.345245813
Spain,2003 Q2,3.122598863,11.4,14.6,82.90125,3.553172066
Spain,2003 Q3,2.9126459,11.53333,14.6,82.90125,1.825780415
Spain,2003 Q4,2.547497951,11.36667,14.6,82.90125,3.616942557
Spain,2004 Q1,2.229913,11.2,14.6,84.47104,3.029568589
Spain,2004 Q2,2.411556924,11.2,14.6,84.47104,3.122598863
Spain,2004 Q3,2.489806222,10.96667,14.6,84.47104,2.9126459
Spain,2004 Q4,2.583265504,10.53333,14.6,84.47104,2.547497951
Spain,2005 Q1,2.554383989,9.9,14.6,83.89243,2.229913
Spain,2005 Q2,2.386820127,9.4,14.6,83.89243,2.411556924
Spain,2005 Q3,2.383460998,8.633333,14.6,83.89243,2.489806222
Spain,2005 Q4,2.603070901,8.7,14.6,83.89243,2.583265504
Spain,2006 Q1,2.73006022,8.733334,14.6,84.05936,2.554383989
Spain,2006 Q2,2.830732,8.5,14.6,84.05936,2.386820127
Spain,2006 Q3,2.848765742,8.266666,14.6,84.05936,2.383460998
Spain,2006 Q4,2.593110466,8.266666,14.6,84.05936,2.603070901
Spain,2007 Q1,2.606184884,8.2,15.4,84.56835,2.73006022
Spain,2007 Q2,2.51298832,7.966667,15.4,84.56835,2.830732
Spain,2007 Q3,2.402329559,8.233334,15.4,84.56835,2.848765742
Spain,2007 Q4,2.274576522,8.6,15.4,84.56835,2.593110466
Spain,2008 Q1,2.254091293,9.3,16,51.16243,2.606184884
Spain,2008 Q2,2.161802315,10.4,16,51.16243,2.51298832
Spain,2008 Q3,2.483079668,11.53333,16,51.16243,2.402329559
Spain,2008 Q4,2.441820951,13.83333,16,51.16243,2.274576522
Spain,2009 Q1,1.601559001,16.73333,16.9,49.47483,2.254091293
Spain,2009 Q2,1.136069758,17.86667,16.9,49.47483,2.161802315
Spain,2009 Q3,0.338722999,18.2,16.9,49.47483,2.483079668
Spain,2009 Q4,0.129490548,18.73333,16.9,49.47483,2.441820951
Spain,2010 Q1,0.054817536,19.23333,16.7,49.87113,1.601559001
Spain,2010 Q2,0.07935163,19.96667,16.7,49.87113,1.136069758
Spain,2010 Q3,0.963240308,20,16.7,49.87113,0.338722999
Spain,2010 Q4,1.182811811,20.23333,16.7,49.87113,0.129490548
Spain,2011 Q1,1.332989991,20.5,16.7,50.78621,0.054817536
Spain,2011 Q2,1.561417658,20.76667,16.7,50.78621,0.07935163
Spain,2011 Q3,1.183047693,21.73333,16.7,50.78621,0.963240308
Spain,2011 Q4,1.123253603,22.66667,16.7,50.78621,1.182811811
Spain,2012 Q1,0.858092747,23.56667,16.7,50.86602,1.332989991
Spain,2012 Q2,0.720537396,24.53333,16.7,50.86602,1.561417658
Spain,2012 Q3,1.291044055,25.2,16.7,50.86602,1.183047693
Spain,2012 Q4,2.109023622,25.86667,16.7,50.86602,1.123253603
Spain,2013 Q1,1.938105597,26.3,16.1,52.05798,0.858092747
Spain,2013 Q2,1.717010054,26.2,16.1,52.05798,0.720537396
Spain,2013 Q3,0.925528572,26.1,16.1,52.05798,1.291044055
Spain,2013 Q4,-0.218958197,25.8,16.1,52.05798,2.109023622
Spain,2014 Q1,-0.176231845,25.3,15.1,53.47018,1.938105597
Spain,2014 Q2,0.011175481,24.6,15.1,53.47018,1.717010054
Spain,2014 Q3,-0.01132673,24.13333,15.1,53.47018,0.925528572
Spain,2014 Q4,-0.01007423,23.76667,15.1,53.47018,-0.218958197
Spain,2015 Q1,0.19219978,23.16667,13.7,54.25375,-0.176231845
Spain,2015 Q2,0.371144142,22.5,13.7,54.25375,0.011175481
Spain,2015 Q3,0.654692493,21.63333,13.7,54.25375,-0.01132673
Spain,2015 Q4,0.84183162,20.96667,13.7,54.25375,-0.01007423
Spain,2016 Q1,0.925082748,20.4,13.2,57.61065,0.19219978
Spain,2016 Q2,0.610521,20.13333,13.2,57.61065,0.371144142
Spain,2016 Q3,0.822258299,19.3,13.2,57.61065,0.654692493
Spain,2016 Q4,1.014347668,18.7,13.2,57.61065,0.84183162
Spain,2017 Q1,1.141169987,18.2,12.7,62.57404,0.925082748
Spain,2017 Q2,1.287533295,17.36667,12.7,62.57404,0.610521
Spain,2017 Q3,1.313937165,16.76667,12.7,62.57404,0.822258299
Spain,2017 Q4,0.77980708,16.66667,12.7,62.57404,1.014347668
Spain,2018 Q1,0.981812185,16.16667,12.6,62.8899,1.141169987
Spain,2018 Q2,0.922259071,15.46667,12.6,62.8899,1.287533295
Spain,2018 Q3,0.830163185,14.83333,12.6,62.8899,1.313937165
Spain,2018 Q4,0.970155853,14.56667,12.6,62.8899,0.77980708
Spain,2019 Q1,0.788496898,14.23333,12.4,62.79061,0.981812185
Spain,2019 Q2,0.9507517,14.23333,12.4,62.79061,0.922259071
Spain,2019 Q3,1.014600587,14.1,12.4,62.79061,0.830163185
Spain,2019 Q4,1.067754021,13.9,12.4,62.79061,0.970155853
